{"filter":false,"title":"insuline.json","tooltip":"/'files/insuline.json","undoManager":{"mark":4,"position":4,"stack":[[{"start":{"row":0,"column":0},"end":{"row":2,"column":3},"action":"remove","lines":["\"\"\"","Your module description","\"\"\""],"id":1}],[{"start":{"row":0,"column":0},"end":{"row":0,"column":22},"action":"insert","lines":["import jsonFileHandler"],"id":2}],[{"start":{"row":0,"column":22},"end":{"row":1,"column":0},"action":"insert","lines":["",""],"id":3}],[{"start":{"row":1,"column":0},"end":{"row":1,"column":57},"action":"insert","lines":["data = jsonFileHandler.readJsonFile('files/insulin.json')"],"id":4}],[{"start":{"row":2,"column":0},"end":{"row":11,"column":35},"action":"insert","lines":["if data != \"\" :","    bInsulin = data['molecules']['bInsulin']","    aInsulin = data['molecules']['aInsulin']","    insulin = bInsulin + aInsulin","    molecularWeightInsulinActual = data['molecularWeightInsulinActual']","    print('bInsulin: ' + bInsulin)","    print('aInsulin: ' + aInsulin)","    print('molecularWeightInsulinActual: ' + str(molecularWeightInsulinActual))","else:","    print(\"Error. Exiting program\")"],"id":5}]]},"ace":{"folds":[],"scrolltop":0,"scrollleft":0,"selection":{"start":{"row":11,"column":35},"end":{"row":11,"column":35},"isBackwards":false},"options":{"guessTabSize":true,"useWrapMode":false,"wrapToView":true},"firstLineState":0},"timestamp":1640637424902,"hash":"217ec79f005d5ea0bdcb0c9c52c6a6c184843464"}